contractor_id,position_id,latitude,longitude,maximum_travel_distance
38,1,44.749,-93.3355,20
48,1,45.0961,-93.2198,40
50,1,45.3737,-93.7207,50
52,1,45.5358,-93.5319,50
53,1,45.1997,-93.2291,10
54,1,44.9859,-93.2785,30
55,1,45.0915,-93.5329,30
62,1,44.9234,-92.9844,20
63,1,44.7092,-93.2274,50
71,1,44.9134,-92.9102,10
72,1,45.0926,-93.4988,20
76,1,45.349,-93.3382,20
78,1,44.8664,-93.3243,30
81,1,45.2348,-93.3079,20
82,1,45.0294,-93.1744,20
83,1,44.8339,-93.2528,30
84,1,45.2349,-93.3079,30
85,1,45.0825,-93.2279,20
87,1,45.1388,-93.2735,50
90,1,45.0396,-93.8061,20
91,1,45.1203,-93.3547,20
93,1,45.0923,-93.2884,30
103,1,44.6485,-93.789,50
104,2,45.0003,-93.0118,20
105,1,44.8761,-93.2655,10
106,1,44.7511,-93.0814,10
111,1,44.8952,-93.2717,30
114,1,45.1988,-93.2262,30
115,1,45.1796,-93.2621,10
120,1,44.9885,-93.2136,30
124,1,44.8696,-93.3426,20
126,1,45.2076,-93.2984,10
127,1,45.0101,-93.2442,30
129,1,44.7902,-93.6115,20
136,1,45.1254,-93.1998,50
142,1,44.893,-93.3188,30
145,2,45.0657,-93.4374,50
147,1,45.0704,-93.2285,20
150,1,45.0956,-93.5022,10
152,2,45.4464,-93.1661,20
155,1,44.7961,-93.1995,20
159,1,45.5449,-93.2104,50
160,2,45.1212,-93.4626,30
162,2,45.0181,-93.2722,20
169,1,44.8675,-93.2551,20
172,1,45.0739,-93.2521,30
179,1,46.3431,-94.2839,20
180,1,45.1196,-93.5027,10
181,1,45.4315,-93.7832,40
182,1,44.7719,-93.724,20
183,1,44.9477,-93.2986,30
184,1,44.9477,-93.2986,30
186,1,44.6646,-93.162,20
187,1,44.9069,-93.2875,30
194,1,44.9189,-92.9141,10
196,1,44.9842,-92.9571,50
198,1,44.7617,-93.5074,10
202,1,45.0549,-92.9535,30
203,1,44.8651,-93.5763,30
205,1,45.0131,-93.4946,30
207,1,44.887,-93.2882,30
211,2,44.8244,-93.3352,20
213,1,45.0318,-93.0316,30
215,1,42.6798,-71.1736,30
219,2,44.796,-93.1761,40
221,2,44.8369,-92.9765,20
225,1,44.7403,-93.1817,50
227,1,44.2795,-88.5311,30
231,1,45.5812,-94.2462,50
235,1,45.0828,-93.3333,30
237,1,44.8814,-93.2564,50
241,1,44.8665,-93.349,20
243,1,45.0115,-92.7892,50
245,2,45.021,-93.3404,20
248,1,45.379,-93.3388,30
250,2,45.2348,-93.3079,30
251,2,45.1254,-93.2002,30
252,1,44.8931,-93.065,20
255,1,45.0863,-93.5159,30
256,1,45.1329,-93.166,20
257,1,44.9974,-93.4332,20
260,1,45.2348,-93.3079,50
261,1,44.7301,-93.2109,30
265,1,44.4377,-93.1843,10
268,1,44.914,-93.3427,10
270,1,37.4741,-77.5767,10
273,1,45.2053,-93.2979,30
276,1,45.1721,-93.2331,40
278,1,45.1823,-93.47,10
281,1,45.0825,-93.0276,10
285,1,45.2413,-93.6421,30
287,1,42.8138,-89.6349,50
288,1,44.8443,-93.6391,20
289,1,45.2399,-93.01,20
292,1,45.4573,-93.9941,30
295,1,44.9545,-92.7002,30
296,1,44.9627,-92.7003,30
299,1,44.9145,-92.8991,30
300,1,45.4854,-93.2576,30
304,1,45.2631,-93.1772,20
307,1,38.5912,-76.9424,20
311,1,44.9508,-92.7272,50
315,2,45.0189,-92.9939,20
318,1,44.9023,-93.2288,30
319,1,45.1308,-93.2044,10
320,1,45.0852,-93.498,30
321,1,26.5756,-81.96,40
325,2,44.7678,-93.1807,40
341,1,44.8198,-93.1961,40
343,1,45.2348,-93.3079,50
344,1,44.7215,-93.2338,20
345,1,45.0233,-93.2438,30
351,1,44.9157,-93.2604,10
352,1,44.7636,-93.3769,30
354,1,44.8935,-93.0872,20
355,1,44.958,-93.2808,10
359,1,45.1021,-93.033,30
360,1,45.5177,-93.2856,50
361,1,44.8392,-93.7855,20
370,1,44.6681,-93.1866,30
372,1,44.9756,-93.0301,10
377,1,44.8813,-93.4581,30
381,1,33.4059,-84.6897,20
387,1,44.9372,-93.6352,30
388,2,44.99,-93.2558,10
395,1,44.7498,-93.2263,10
398,2,45.1671,-93.015,30
402,2,45.1538,-93.3585,20
406,2,45.0003,-93.0118,30
412,1,33.9276,-84.0433,20
416,1,33.8504,-84.6016,50
418,2,45.2738,-93.1827,20
424,1,33.7775,-84.2978,20
425,1,33.8205,-84.2321,20
429,1,34.3151,-84.3561,20
433,1,44.8486,-92.915,30
435,1,34.1199,-84.0379,30
438,1,34.0767,-84.6938,30
440,1,44.8154,-93.1314,10
442,1,33.7726,-84.3655,10
443,2,45.2147,-93.6082,50
446,1,33.7888,-84.238,20
456,1,45.251,-93.3294,20
461,1,45.2489,-93.3032,30
462,1,33.8911,-84.4504,40
464,1,44.0594,-92.7653,50
467,1,34.0135,-84.3026,10
469,1,44.9268,-93.4817,20
476,2,45.016,-93.016,50
482,1,32.051,-84.7991,50
487,1,44.7519,-93.1322,10
495,1,45.8767,-95.3922,50
500,1,33.88,-84.51,30
507,1,33.5002,-84.1712,30
508,2,45.2073,-93.2247,30
509,1,45.2769,-93.4204,20
514,1,34.1046,-84.1233,10
528,1,33.3968,-84.7902,40
538,1,33.5415,-84.5286,30
539,1,33.6994,-84.5501,10
542,1,33.937,-84.4018,30
545,1,45.1792,-93.3411,20
547,1,33.9084,-83.9686,30
548,1,33.8714,-83.9669,30
550,1,34.0678,-84.0449,30
552,1,33.7346,-84.3807,20
557,1,34.0406,-84.6251,10
565,1,33.9686,-84.4584,10
567,1,33.9356,-84.6886,30
568,1,33.5245,-84.7356,50
572,1,33.5145,-84.4124,30
578,1,33.8163,-84.2411,50
580,1,44.8725,-93.0657,10
600,1,32.7117,-83.5459,30
604,2,45.2029,-93.5413,30
606,1,33.9731,-84.012,30
607,1,33.0801,-83.2321,50
610,1,34.0264,-84.0005,30
613,1,45.1957,-93.2652,30
616,2,44.6613,-93.1836,20
645,1,33.4193,-84.2911,30
656,1,45.0732,-92.8091,30
660,1,45.3086,-93.5347,20
665,3,44.8995,-93.1724,30
672,1,26.5477,-81.8599,30
673,2,45.2402,-92.9919,20
676,1,44.8156,-93.3829,10
678,1,45.0681,-92.9928,40
679,1,44.8995,-93.1724,30
680,1,44.7301,-93.1623,30
685,1,44.791,-93.2373,10
686,1,45.1282,-93.465,20
688,1,45.1789,-92.9935,20
689,1,44.7487,-93.2662,50
694,2,45.2615,-93.5757,20
695,2,44.9507,-92.9724,30
696,1,26.4572,-81.7346,30
700,1,45.2348,-93.3079,30
704,1,45.1955,-93.3222,10
705,1,44.9473,-93.3005,30
706,1,33.5262,-84.276,40
711,1,44.7177,-93.4497,10
720,2,44.921,-92.951,30
726,1,46.8368,-95.5744,30
727,2,45.0866,-93.0266,30
734,2,45.3336,-92.957,30
735,2,45.176,-93.3873,30
737,2,44.7547,-93.3538,20
738,2,45.2341,-93.3118,20
740,2,44.9831,-93.0288,10
741,1,45.189,-93.2318,20
742,2,44.7012,-93.2263,10
743,2,44.7369,-93.1384,20
745,2,45.1367,-93.3522,10
746,1,44.6663,-93.4022,20
747,2,44.7447,-93.3833,20
748,2,44.9445,-92.9179,30
749,2,44.9717,-93.2014,20
752,2,44.8938,-93.3395,30
757,1,44.9044,-93.4857,10
758,2,44.7193,-93.2779,30
759,1,44.7414,-93.1848,20
760,2,45.0125,-92.9574,20
761,2,45.0335,-93.4434,30
764,2,45.0531,-93.217,50
766,2,45.1882,-93.2952,20
767,1,33.7814,-84.3185,10
771,2,45.384,-92.7514,50
773,1,44.8675,-93.3242,10
782,1,45.2155,-93.6894,30
790,2,44.7427,-93.1739,20
796,1,44.7054,-93.4386,30
803,1,45.2558,-92.9072,50
810,2,45.0624,-93.9594,40
812,1,45.0455,-93.4951,30
813,2,44.9823,-92.9588,20
817,2,45.3479,-93.2945,30
822,2,44.7359,-93.2137,50
828,2,44.8152,-92.922,20
830,2,45.1899,-93.2449,20
831,2,45.1025,-93.3631,20
832,1,44.9611,-92.8799,10
833,1,44.7076,-93.4077,10
835,2,45.1211,-93.4299,30
836,2,45.1819,-93.2068,20
840,1,44.971,-93.1363,50
841,1,45.145,-93.621,20
842,1,44.9097,-92.8842,20
844,1,32.5756,-95.9551,50
849,2,44.9077,-93.0743,20
854,2,45.3823,-93.7228,30
855,1,44.8802,-93.5478,10
863,1,44.8649,-93.2891,20
864,2,45.2773,-93.7978,20
866,1,45.3182,-93.5226,40
872,2,45.5853,-94.1441,50
878,1,44.8427,-93.051,10
883,2,45.0889,-93.4754,20
887,2,44.7017,-93.1756,30
891,2,45.1768,-93.5473,10
893,2,45.1911,-93.3124,40
895,1,44.9031,-93.3363,30
897,2,45.1528,-94.0626,40
898,2,45.3535,-93.7599,20
899,2,45.0929,-94.4078,40
900,1,45.3805,-93.6993,50
909,2,45.1995,-93.392,20
910,2,44.8002,-93.6047,30
913,1,44.3196,-93.2241,30
916,2,44.9482,-93.2403,10
917,1,44.7005,-93.1679,10
924,1,45.1321,-93.2025,10
927,1,44.977,-93.4694,20
928,2,44.6006,-93.0198,40
936,1,45.0252,-93.247,20
939,1,44.8143,-93.3459,20
941,1,45.0993,-93.8119,20
942,1,44.9226,-93.6478,30
945,2,44.881,-93.465,30
951,1,45.0405,-93.3537,20
952,2,45.0544,-93.3025,40
956,2,45.1745,-93.0069,30
957,1,44.9749,-92.4279,40
960,2,45.2075,-93.2246,20
962,1,44.7511,-93.282,40
972,1,45.1068,-93.4404,30
973,2,44.9644,-92.9967,10
975,1,44.9846,-93.4636,10
976,2,45.4011,-93.2374,30
977,1,44.8496,-93.4226,30
978,2,45.0912,-93.0112,30
979,2,45.1004,-93.4324,40
980,1,44.7561,-93.3964,20
984,1,44.7871,-93.2327,10
989,2,44.9257,-93.2756,40
993,2,45.0569,-93.3051,20
994,2,44.7204,-93.2014,30
997,1,45.2542,-93.8401,40
999,2,45.0418,-93.4705,30
1002,1,44.9593,-93.0432,30
1005,1,44.6998,-93.2061,20
1016,2,44.9369,-92.9456,30
1019,2,45.1693,-93.3771,20
1023,2,44.9263,-93.2093,30
1025,1,44.9673,-93.4436,10
1028,1,44.9866,-93.5716,30
1033,2,44.9715,-92.7323,30
1037,1,44.9873,-93.2773,30
1053,1,45.1123,-93.3777,20
1059,2,44.801,-93.2309,20
1066,2,45.2077,-93.314,50
1076,1,45.2348,-93.3079,30
1077,2,45.2348,-93.3079,30
1079,1,45.3216,-93.813,20
1080,2,45.1301,-93.3227,50
1081,1,44.8729,-92.9107,20
1084,1,44.4418,-93.5863,30
1085,1,44.8064,-93.1648,30
1087,1,45.2442,-92.8559,20
1089,1,45.1916,-93.2295,50
1090,1,45.224,-92.8432,30
1091,2,45.1488,-93.2783,20
1096,1,44.7676,-93.4934,40
1097,1,26.9314,-80.1094,50
1101,2,45.0026,-93.3968,10
1103,1,45.0229,-93.2349,30
1104,1,44.7148,-93.2503,30
1105,1,44.5353,-93.5904,40
1108,1,44.1463,-93.967,30
1111,2,44.5864,-93.4437,30
1116,1,44.2018,-89.7917,50
1117,1,45.5405,-94.2335,50
1118,1,44.9246,-93.6759,20
1119,1,44.8867,-93.2791,20
1123,2,44.751,-93.0816,10
1124,1,44.9117,-93.4685,50
1125,2,44.8278,-93.8021,30
1127,2,44.8503,-92.9549,50
1131,2,44.673,-93.1812,30
1138,1,45.3311,-94.0342,50
1139,1,45.2895,-93.0064,30
1141,2,45.2821,-93.4341,30
1146,1,44.9151,-93.5807,10
1147,1,44.8822,-93.3032,10
1151,1,44.9251,-93.1928,10
1152,1,45.1743,-93.0029,20
1159,1,44.7427,-93.3513,30
1160,2,45.1872,-93.3744,40
1161,1,44.9279,-93.6392,50
1162,1,45.0766,-93.5052,30
1163,2,44.9264,-92.9829,20
1170,2,44.8464,-92.9145,30
1172,2,44.9865,-92.9678,40
1176,1,45.3108,-93.5374,30
1178,2,44.8319,-93.7874,30
1180,2,45.0362,-93.0575,20
1182,1,44.688,-93.2949,20
1186,1,44.3255,-93.9572,50
1189,1,45.0534,-93.25,10
1191,1,45.1078,-93.5102,50
1192,1,44.9608,-93.4043,40
1195,1,45.1078,-93.4295,50
1202,2,45.3989,-93.755,40
1205,2,44.8239,-93.163,50
1207,1,45.3191,-92.9704,20
1208,2,44.963,-93.4451,30
1209,1,44.9696,-93.3448,20
1213,2,44.8153,-93.1327,20
1214,2,44.9664,-93.8524,30
1216,2,45.0719,-93.3752,30
1219,1,44.8495,-93.2641,30
1220,1,44.9203,-92.9222,20
1221,2,45.2314,-93.2655,20
1222,2,45.0067,-93.322,40
1223,1,45.0977,-93.4304,30
1224,1,45.1803,-93.228,30
1225,1,44.7292,-93.2038,50
1226,1,44.922,-93.3217,10
1227,2,45.0235,-93.3292,30
1228,1,44.6983,-93.2193,20
1229,2,44.9397,-93.0091,20
1232,1,45.0472,-93.375,30
1235,1,44.7104,-92.8469,20
1236,1,45.1417,-93.0261,20
1242,1,45.3187,-93.5232,20
1244,1,44.3189,-93.2966,50
1247,2,44.7309,-93.2894,40
1250,2,44.8351,-93.0352,20
1254,2,44.7475,-93.3472,30
1256,2,45.0027,-93.3097,30
1260,2,45.0062,-93.0062,40
1261,2,45.0509,-93.0278,30
1266,1,45.2348,-93.3079,30
1268,2,45.3018,-93.5419,40
1269,2,45.0836,-93.4519,20
1273,1,44.5206,-94.0867,40
1276,2,45.0113,-93.3914,30
1279,2,45.1211,-93.0478,30
1281,2,45.0102,-93.4427,30
1285,1,44.8424,-92.9659,20
1286,1,45.0076,-93.3143,50
1288,1,44.8398,-93.1838,30
1289,2,44.7205,-93.292,20
1292,1,44.8815,-93.2943,20
1294,2,45.2661,-93.6556,30
1295,2,45.1727,-93.3334,40
1299,1,44.8864,-93.0389,30
1301,1,45.2818,-93.398,20
1302,1,45.5797,-92.4825,30
1303,2,45.2809,-93.2647,30
1304,2,44.7512,-93.3629,30
1306,1,45.946,-91.9381,30
1308,1,44.9487,-93.1252,10
1309,1,45.0447,-93.7874,30
1310,1,42.9134,-87.9651,30
1312,1,44.9463,-93.0356,10
1315,1,42.507,-87.8625,20
1317,1,44.7867,-93.2307,30
1320,2,44.9003,-93.0491,30
1326,1,43.0037,-88.2743,10
1328,1,42.6962,-89.0099,30
1330,2,45.2286,-93.2936,30
1332,2,43.0817,-88.2119,30
1333,1,46.623,-96.3233,30
1336,1,44.9547,-93.2553,30
1339,1,45.0629,-93.5158,30
1342,1,42.9664,-88.0501,20
1343,1,42.7345,-88.0289,40
1345,1,44.1634,-93.8725,50
1347,1,44.6588,-93.2451,30
1348,1,45.1866,-93.2232,30
1349,2,45.2598,-94.1153,50
1350,2,45.0811,-94.1991,40
1356,1,43.1679,-89.2519,10
1358,1,45.3472,-93.3417,30
1360,2,44.719,-93.2158,30
1364,2,45.1957,-93.3181,10
1365,2,45.0964,-93.0161,10
1366,2,44.9467,-93.3542,20
1369,1,45.1721,-93.2321,10
1370,2,44.9791,-93.0185,10
1372,1,46.8312,-95.8284,30
1375,2,44.775,-93.2591,10
1379,1,44.5786,-93.3526,20
1382,1,42.5635,-87.8359,40
1388,1,44.0584,-92.4645,30
1390,1,42.5078,-88.1948,10
1391,2,44.7618,-93.3124,50
1393,2,44.9684,-93.3661,50
1394,2,42.9664,-88.0501,30
1395,2,44.7214,-93.2233,30
1396,1,43.0294,-89.2745,50
1402,1,44.99,-93.2556,10
1405,2,44.9758,-93.1576,30
1406,2,45.1532,-93.8712,30
1409,1,42.9927,-87.8971,20
1410,1,44.9456,-93.1735,10
1411,2,44.9917,-93.1388,10
1414,2,43.0199,-88.0604,30
1416,1,44.9852,-93.3074,30
1418,1,42.8123,-88.0505,20
1419,1,44.7,-93.4089,20
1422,1,45.4421,-93.6781,40
1424,2,45.0352,-93.0316,30
1427,1,44.5684,-93.3556,20
1430,2,44.845,-92.9969,30
1432,2,44.7751,-93.499,50
1433,1,43.4598,-88.8411,30
1434,1,45.1395,-93.2742,30
1435,1,45.1979,-93.3574,30
1437,2,45.196,-93.2935,10
1439,2,45.2424,-93.4867,30
1441,1,43.0215,-88.8101,30
1443,2,42.7703,-89.316,30
1444,1,45.1458,-93.7269,20
1445,1,43.1071,-88.2488,30
1446,2,43.1542,-89.2794,30
1448,2,42.9611,-88.0501,20
1449,2,45.0653,-92.8493,30
1450,2,45.2348,-93.3079,30
1452,2,45.3321,-93.6712,30
1453,2,42.9746,-87.956,50
1454,1,45.1213,-93.343,30
1456,2,45.163,-93.2619,40
1459,2,45.1705,-93.1917,20
1460,2,45.2377,-93.4541,30
1461,2,44.7691,-93.2802,20
1464,1,45.0523,-93.1998,10
1468,2,42.7094,-87.8459,50
1471,1,44.9383,-93.6843,20
1472,2,33.1545,-96.6969,20
1475,1,43.0745,-88.2753,30
1476,1,44.9505,-92.6968,20
1477,1,43.0794,-88.0253,30
1480,1,42.9042,-88.3778,20
1483,1,46.7645,-92.141,30
1484,1,42.9939,-88.349,20
1486,1,45.2348,-93.3079,30
1490,1,43.7744,-87.7494,50
1491,2,45.3175,-94.0534,40
1493,1,44.0345,-88.5223,20
1495,1,43.0743,-89.3904,30
1499,2,45.1058,-93.2544,10
1500,2,45.0627,-92.9996,10
1501,1,45.0329,-92.9418,30
1503,2,44.9624,-92.8747,30
1508,2,43.162,-87.989,30
1511,1,42.8947,-87.9305,30
1515,2,45.1823,-93.2683,30
1519,2,45.2552,-94.0564,40
1521,1,43.2184,-87.9959,40
1524,2,45.2229,-93.4447,20
1525,2,45.043,-93.2136,20
1526,2,42.5744,-87.87,40
1527,1,42.9186,-87.888,20
1531,2,42.7357,-87.7879,50
1535,2,42.9186,-87.888,30
1536,1,44.9814,-93.0332,30
1540,1,45.1866,-93.4045,20
1542,2,45.4333,-93.6198,40
1544,1,44.8808,-93.0595,20
1545,2,45.7151,-93.1823,50
1546,2,44.5349,-89.08,50
1550,1,43.3089,-87.9164,20
1553,1,45.1936,-93.2442,30
1554,2,42.8786,-88.0343,50
1556,1,44.9331,-93.3524,10
1559,1,42.5517,-87.9197,30
1563,2,42.8768,-87.9383,50
1564,1,42.6346,-87.8469,30
1566,1,45.0464,-93.0194,10
1567,1,40.6474,-89.5042,30
1572,1,42.6791,-88.286,40
1573,1,45.0248,-93.4111,30
1574,2,45.0092,-92.9883,30
1575,1,44.853,-93.259,20
1576,1,42.8734,-88.3114,30
1578,2,43.2251,-88.1048,50
1580,1,43.0933,-87.8876,10
1581,2,45.0249,-93.3393,20
1583,2,44.4342,-94.6877,50
1584,2,44.9723,-93.1585,40
1585,1,42.9545,-90.12,50
1587,1,43.7683,-88.4469,30
1588,2,45.0329,-93.0319,30
1589,2,43.0897,-87.8914,50
1590,1,45.4365,-92.6793,30
1592,2,41.0696,-111.957,40
1593,1,45.0656,-92.984,20
1594,2,32.5838,-97.3268,40
1595,1,44.7091,-93.4443,30
1597,1,43.295,-89.3148,50
1598,2,42.7541,-87.8308,10
1601,2,44.8777,-93.4729,30
1603,2,44.8671,-93.3077,30
1605,2,44.9783,-93.2592,50
1609,2,45.3544,-93.2301,20
1610,1,43.7835,-87.7211,50
1616,1,44.9873,-93.2773,10
1617,1,44.9873,-93.2773,30
1618,1,45.1934,-93.2302,50
1621,2,43.0664,-87.9093,50
1625,1,43.7705,-87.7154,10
1627,1,44.8688,-92.9089,20
1628,2,44.7536,-93.1173,30
1630,2,44.8249,-93.0351,20
1632,1,44.8433,-93.297,10
1634,2,44.6666,-93.6258,50
1636,2,44.8279,-93.0492,10
1637,2,44.6877,-92.8935,30
1638,1,43.1956,-88.0439,50
1639,1,44.8792,-93.3222,40
1644,1,45.1913,-94.0951,30
1645,2,44.7206,-93.2011,30
1646,2,45.3541,-92.9901,30
1648,2,32.6882,-97.0126,10
1650,1,44.8454,-93.4449,20
1651,1,48.5748,-96.5179,30
1652,1,43.1762,-87.9651,20
1653,2,45.162,-93.1508,30
1654,1,44.9512,-93.0956,10
1658,1,42.7066,-87.7923,50
1659,2,32.964,-96.8516,50
1662,2,44.7213,-93.382,10
1664,2,44.7183,-93.1496,20
1665,2,43.0465,-87.8965,30
1666,1,44.8929,-93.5334,10
1668,1,45.1176,-93.1829,30
1674,2,44.8,-93.184,20
1678,2,32.5897,-96.6854,30
1682,1,32.847,-96.8131,20
1685,1,42.963,-88.0202,10
1686,1,44.8713,-93.3308,30
1688,2,32.6004,-96.7835,30
1689,1,32.8551,-96.6575,20
1692,2,44.9775,-93.8793,30
1701,1,44.8573,-93.0291,30
1702,2,45.0547,-93.308,20
1704,1,32.87,-97.3232,10
1711,2,33.144,-96.73,10
1714,1,33.2381,-97.1052,20
1715,2,44.6746,-93.1844,30
1720,1,45.1941,-94.0438,30
1721,1,43.05,-87.8928,30
1723,1,32.4498,-96.7986,20
1725,1,33.2446,-97.2147,30
1726,1,46.2884,-96.0853,50
1728,2,32.6466,-97.4254,20
1730,2,32.7065,-96.9819,10
1735,1,46.1847,-95.7763,50
1737,2,32.6585,-96.825,30
1744,1,43.4305,-88.2346,30
1747,2,32.9335,-96.7265,20
1750,2,32.7247,-96.4192,30
1752,2,44.7735,-93.4844,30
1760,2,32.598,-96.8165,20
1763,1,32.2634,-96.5117,50
1766,1,44.9434,-93.2986,30
1769,1,45.1251,-93.4162,20
1773,1,44.9364,-93.2784,30
1774,1,29.6838,-98.9668,40
1776,1,45.174,-96.1763,50
1777,2,45.3068,-93.5867,30
1779,2,32.5827,-96.8899,20
1781,1,44.544,-93.5716,30
1782,1,44.998,-93.4342,10
1784,2,45.0237,-93.4262,30
1785,2,32.9436,-96.683,30
1786,1,44.2687,-94.1825,50
1787,1,44.1394,-94.0065,20
1788,1,44.1881,-93.9423,10
1789,1,44.5435,-93.369,20
1790,1,44.1462,-94.0522,30
1791,2,32.968,-96.6017,30
1793,1,44.0853,-92.4983,50
1797,1,42.9186,-88.0873,30
1800,1,44.5472,-93.5586,20
1801,1,32.4231,-97.2203,30
1802,2,44.6745,-92.7653,20
1803,1,33.0901,-96.6877,20
1804,1,33.1388,-96.8869,20
1805,1,45.0013,-93.0277,20
1807,2,45.001,-93.318,40
1811,1,44.7585,-93.2716,10
1812,1,33.2389,-96.9032,20
1814,2,45.2044,-93.5603,30
1816,2,45.0657,-93.094,20
1819,1,44.0805,-92.5408,30
1820,1,42.8122,-89.5696,30
1823,2,45.1724,-92.6907,30
1824,1,43.1833,-89.2553,20
1825,1,45.1538,-93.5719,10
1826,1,32.9379,-96.639,20
1827,1,33.2744,-96.7911,10
1828,1,44.7057,-93.462,20
1829,1,33.2019,-96.9458,30
1834,2,32.6035,-96.9498,30
1837,1,43.0796,-87.8872,30
1838,1,45.2431,-93.6747,30
1839,1,45.0595,-93.1921,20
1840,1,33.2013,-96.7537,10
1842,1,44.9791,-93.0283,40
1851,1,45.1683,-93.3871,30
1854,2,44.9299,-93.1613,10
1855,1,43.8097,-92.8486,30
1857,2,44.7497,-93.1981,30
1858,1,32.857,-96.5919,30
1861,1,32.9558,-96.7268,20
1863,1,44.8885,-93.2976,10
1864,1,32.7624,-97.1082,20
1868,1,32.6692,-97.0119,30
1869,1,42.7371,-88.228,40
1872,1,45.4025,-94.103,50
1875,1,32.7712,-97.1761,50
1877,2,32.8333,-97.0875,20
1878,1,32.6233,-97.1105,30
1879,1,32.7232,-97.819,40
1881,1,45.2493,-93.6609,20
1883,1,44.8714,-93.0669,10
1884,1,42.9801,-87.9875,30
1885,2,44.0514,-92.5334,50
1890,2,33.1994,-96.704,20
1892,2,45.3964,-93.3577,30
1896,1,32.4251,-96.9887,20
1898,1,43.1011,-88.3566,40
1900,2,44.9715,-93.2726,20
1907,1,33.6456,-96.1858,50
1912,1,44.7812,-92.8757,30
1915,2,44.8038,-93.1587,20
1916,1,42.9172,-89.3762,40
1920,1,43.093,-88.1456,20
1923,1,30.4695,-97.6534,30
1926,1,32.9618,-96.5759,20
1929,2,33.1695,-96.6309,10
1931,1,32.9463,-96.9572,20
1939,1,32.8651,-96.5898,20
1943,1,32.4899,-96.9566,30
1945,1,32.592,-97.0581,30
1951,2,33.28,-96.778,30
1955,1,32.8787,-96.5525,30
1959,1,32.5921,-97.0418,30
1960,1,44.1563,-92.5296,30
1961,1,45.2265,-93.9476,30
1963,2,32.781,-96.88,20
1964,2,33.0657,-96.2278,40
1966,1,44.8386,-93.0276,20
1971,2,44.7309,-93.3834,20
1972,1,32.7111,-97.3168,50
1974,2,32.8052,-97.4492,40
1975,2,32.6386,-97.1745,30
1976,1,32.8864,-97.3982,30
1977,1,45.1406,-93.362,30
1978,2,45.1009,-93.7398,30
1980,2,33.0133,-96.6232,20
1984,1,45.0372,-92.9895,30
1986,2,42.9626,-87.8875,50
1988,2,45.2437,-93.4524,50
1991,2,45.0571,-93.2999,30
1993,2,45.2788,-93.485,20
1995,1,32.9512,-97.6341,20
1996,1,44.9581,-93.2037,20
1999,2,44.9976,-93.037,30
2001,2,32.7522,-97.461,40
2003,2,32.687,-97.0321,20
2008,2,32.5879,-97.1711,20
2010,2,32.9674,-96.5964,20
2012,2,32.7944,-96.6697,30
2013,2,32.7486,-96.6093,20
2014,2,33.0159,-96.679,20
2015,1,44.7622,-93.34,10
2017,1,45.1234,-93.1289,50
2018,2,32.6774,-97.3675,10
2020,1,32.5861,-97.143,30
2024,1,32.9337,-96.6326,30
2025,1,32.8731,-97.0851,30
2026,1,44.7179,-93.1663,30
2027,1,32.6461,-97.189,30
2032,2,32.8413,-96.9505,10
2035,2,32.7632,-96.6751,30
2036,2,31.961,-102.07,40
2039,1,44.0331,-92.6114,30
2041,1,44.8958,-93.2802,30
2044,1,32.4105,-96.9631,30
2046,1,32.9606,-96.5802,30
2047,2,32.8573,-97.0064,50
2051,1,44.7597,-93.3759,10
2052,1,33.7781,-118.191,30
2053,2,44.729,-93.1747,20
2055,2,33.184,-96.5269,50
2058,1,33.0179,-96.5902,30
2060,1,33.1744,-96.8061,30
2061,2,43.1834,-88.0166,30
2063,1,43.3713,-88.4851,30
2064,2,32.7493,-96.8476,20
2067,1,32.7029,-97.0303,20
2070,2,32.7591,-96.6804,20
2073,1,33.03,-97.3367,30
2077,2,32.8115,-96.7903,20
2078,2,32.5214,-96.8141,30
2081,1,44.9962,-93.3162,30
2082,1,44.6512,-93.6538,20
2090,2,32.7536,-96.9819,30
2091,1,32.9783,-96.7973,30
2092,1,32.7517,-97.4976,20
2093,2,33.1849,-96.6808,10
2094,1,42.8671,-87.9145,30
2096,2,33.0435,-97.0259,20
2098,1,32.6673,-97.4798,30
2099,2,44.7744,-94.04,10
2105,1,44.9712,-93.346,30
2110,2,31.9668,-96.3226,40
2111,1,32.8307,-97.1293,30
2113,1,45.194,-93.2619,20
2117,2,43.6668,-89.7149,50
2118,2,43.1042,-87.9539,30
2121,1,45.2848,-93.3653,30
2122,1,32.8627,-96.7658,20
2126,2,43.0645,-87.9867,30
2130,1,32.6708,-97.1656,30
2134,1,45.0868,-93.5215,20
2135,2,33.6253,-96.0607,50
2136,2,42.7655,-88.9505,30
2145,1,45.266,-92.8074,20
2148,1,32.7331,-97.1362,20
2152,1,32.9029,-96.9666,30
2153,2,45.0403,-92.9902,20
2155,1,44.933,-93.3824,10
2156,1,44.9132,-92.9634,10
2157,2,33.0928,-96.8878,10
2158,2,45.1138,-93.3813,20
2167,1,32.867,-97.215,20
2168,2,33.0146,-96.3619,20
2170,1,32.8532,-97.2333,20
2171,2,32.8377,-96.6806,20
2173,1,43.1878,-89.2824,50
2174,2,43.0764,-87.9828,30
2176,1,32.7547,-97.3487,30
2177,1,45.0442,-92.9594,30
2178,1,43.2448,-89.3344,40
2180,1,32.687,-97.0404,10
2182,1,45.2045,-94.1084,50
2184,1,32.6839,-97.2187,10
2185,2,44.6546,-93.2495,20
2186,2,44.6546,-93.2495,30
2187,1,32.8522,-96.7033,10
2191,1,45.1633,-93.6908,40
2192,1,45.2492,-93.3573,30
2194,1,44.9637,-93.1986,10
2196,1,43.1426,-89.2811,30
2197,2,44.9535,-92.9715,10
2198,1,44.8677,-93.1043,30
2200,1,32.9263,-96.3664,20
2201,1,32.871,-96.7075,30
2202,1,44.9291,-93.3671,30
2203,2,33.0402,-96.5609,50
2206,2,44.9573,-93.1361,30
2210,1,44.8612,-92.8456,20
2211,2,45.0925,-93.4989,20
2212,2,32.9783,-96.5201,10
2216,2,33.1462,-97.0482,10
2218,1,45.2215,-93.2952,10
2220,1,45.1538,-93.1562,20
2221,1,44.8438,-93.0237,10
2222,2,32.7989,-96.7723,30
2225,2,32.4063,-97.1982,30
2226,2,32.8654,-96.9944,30
2227,2,33.1775,-96.5114,20
2229,2,32.7334,-97.2073,20
2234,1,44.7286,-93.1472,10
2236,1,32.7889,-96.7994,20
2237,1,43.9431,-88.1228,50
2239,1,44.8755,-93.4837,30
2240,1,45.2283,-94.4472,30
2242,1,32.5773,-97.3439,20
2243,2,32.7808,-96.7997,40
2247,2,32.4386,-97.7039,40
2249,2,32.5949,-97.3255,10
2250,1,45.036,-93.2454,20
2251,2,32.7031,-96.8226,20
2252,1,45.5754,-93.3199,50
2257,1,32.6523,-97.2126,20
2259,1,32.9262,-97.3686,10
2260,1,33.0601,-96.8992,40
2262,1,45.0419,-93.5032,50
2263,2,44.488,-93.507,40
2264,1,32.3959,-97.0381,30
2266,2,33.1237,-96.7908,40
2267,1,45.2312,-92.8354,30
2269,2,32.7037,-97.3327,20
2270,2,33.1436,-97.0353,30
2271,2,45.0633,-93.0049,20
2273,2,32.8879,-96.6261,30
2277,2,45.0308,-93.7721,30
2278,2,33.678,-97.1791,40
2279,1,32.5543,-97.0739,30
2288,1,44.933,-93.2615,10
2289,1,32.594,-96.7787,50
2297,2,32.8212,-97.3801,20
2305,2,32.7124,-96.841,20
2321,2,32.7372,-96.8659,10
2322,1,33.2307,-96.8631,10
2325,1,44.9459,-93.0903,30
2330,1,44.7506,-93.3505,30
2335,2,32.6852,-97.212,30
2336,1,32.9328,-96.5272,30
2337,1,33.105,-96.7521,10
2338,1,43.1672,-89.2765,30
2339,1,32.715,-97.2866,10
2340,1,43.1158,-87.9424,30
2342,1,32.7893,-96.6968,10
2346,1,32.9654,-97.1139,30
2347,2,44.5524,-92.5522,50
2349,2,45.2184,-93.6271,20
2350,1,32.6728,-97.1407,30
2353,1,43.5266,-89.0886,50
2355,1,33.1064,-96.6782,20
2356,1,32.8036,-97.2017,10
2357,1,45.2649,-93.574,20
2361,1,32.7706,-96.8341,30
2366,1,32.9466,-96.4377,20
2369,1,32.9745,-96.9757,30
2371,1,32.9359,-97.4029,20
2372,1,42.7473,-88.9873,50
2378,1,32.4874,-96.911,30
2379,1,45.0349,-93.3611,30
2380,1,32.6709,-97.4172,10
2382,2,32.8229,-97.3807,40
2383,1,44.8035,-93.2332,30
2385,1,43.1859,-88.7567,40
2387,2,43.0182,-87.9762,30
2392,1,32.9803,-96.9637,50
2393,1,44.9299,-93.2489,10
2394,1,32.5896,-97.1192,20
2395,1,32.5969,-96.9597,20
2398,1,33.0387,-96.8776,20
2400,1,32.9388,-97.5317,40
2403,1,45.1786,-93.3803,50
2404,1,32.8332,-96.5508,20
2406,2,32.7163,-96.9818,30
2407,2,32.7225,-96.6894,10
2409,1,33.1786,-96.9541,30
2412,1,33.2051,-96.6416,20
2418,1,33.0207,-96.8952,20
2419,1,32.8531,-97.1546,20
2424,1,32.5692,-97.3675,30
2425,1,33.2215,-96.6935,20
2429,1,33.2484,-96.765,20
2432,2,32.8622,-97.4226,20
2433,1,33.2112,-97.7439,50
2434,1,32.7656,-97.7037,30
2435,1,33.0596,-96.8694,10
2436,2,32.6628,-97.0275,20
2438,1,43.7849,-87.721,30
2440,1,44.885,-93.4954,10
2441,1,44.9816,-93.4742,20
2444,1,32.5338,-97.0707,20
2445,1,32.8781,-97.3256,30
2449,2,45.3802,-93.7228,20
2453,1,33.0129,-96.5266,10
2454,1,44.9123,-93.4106,30
2458,1,32.9587,-97.2085,10
2459,1,44.7836,-93.4866,30
2460,1,44.8495,-93.4406,30
2461,2,33.0368,-97.0637,20
2462,1,45.0914,-93.2114,30
2463,1,33.1431,-96.8488,20
2464,1,45.1892,-93.254,10
2470,1,33.2859,-96.6123,20
2472,1,44.8404,-93.4283,10
2477,1,44.8029,-93.3425,10
2478,1,44.987,-93.2792,30
2480,1,43.0083,-89.2797,30
2481,1,32.8755,-97.1672,20
2483,1,42.9782,-88.0927,20
2485,1,43.0227,-88.1184,10
2486,1,33.4536,-97.2963,50
2488,1,42.9926,-88.1953,30
2491,1,33.1268,-96.5191,50
2492,1,43.0109,-88.2312,40
2494,2,33.0186,-96.9175,10
2496,1,43.1894,-88.7028,40
2497,1,44.9686,-93.0272,20
2498,1,42.9625,-88.0635,20
2500,2,45.2579,-93.3012,30
2501,2,45.3782,-92.8712,20
2504,1,44.9118,-92.9667,30
2505,1,42.9898,-87.9768,30
2507,1,44.7132,-93.2694,20
2508,1,42.9205,-88.0621,50
2510,2,33.0403,-96.8337,20
2511,1,33.0901,-96.8767,20
2513,1,45.1714,-93.2892,20
2516,1,45.3074,-93.198,20
2517,1,44.8919,-92.9675,40
2519,2,44.5491,-93.3212,30
2521,1,44.8873,-94.3759,50
2522,2,32.4416,-96.2301,50
2524,1,32.9836,-97.0087,30
2528,1,33.1194,-97.1384,20
2530,1,45.2075,-93.6654,20
2531,1,43.1462,-88.2947,20
2535,2,32.9752,-97.2879,30
2536,2,45.0746,-93.0581,30
2538,1,32.8814,-96.5635,20
2539,1,42.7631,-87.8593,20
2542,1,33.1954,-96.8789,10
2543,1,32.9654,-96.7705,10
2544,2,32.7254,-96.4216,20
2546,1,43.0372,-87.9165,30
2547,1,43.1502,-89.4212,30
2548,1,33.0416,-96.8831,20
2550,1,43.2225,-88.1231,20
2553,1,43.1106,-88.5486,40
2555,1,44.9644,-93.279,20
2561,2,44.847,-93.4445,30
2562,1,32.6629,-97.5133,20
2563,1,32.3608,-96.9928,30
2564,1,32.5354,-97.1103,30
2565,2,33.1643,-96.6455,20
2566,1,44.9855,-93.2781,20
2568,2,45.0953,-93.023,20
2569,1,45.2091,-93.4422,20
2571,1,32.8742,-96.8453,20
2573,1,33.1498,-96.7933,10
2574,2,45.0321,-92.8102,30
2577,2,45.144,-93.2577,30
2579,2,32.6937,-97.4655,20
2585,1,32.3649,-97.3892,30
2587,1,45.1051,-93.3493,10
2591,1,43.4011,-88.1817,30
2592,1,32.9053,-97.3258,30
2594,2,44.6883,-93.2196,20
2595,1,32.6101,-97.0434,20
2598,2,32.801,-97.295,50
2600,1,43.0055,-88.2136,20
2604,1,44.8867,-93.552,30
2611,1,44.902,-93.4296,10
2615,1,32.7359,-97.3722,40
2617,2,33.0102,-96.9431,20
2618,1,45.0531,-93.5579,20
2622,1,32.5888,-96.9537,40
2627,2,45.16,-93.3576,30
2631,1,32.61,-96.8989,10
2633,1,44.0422,-92.6546,30
2636,1,42.8369,-88.1628,30
2638,1,42.8095,-88.1739,20
2640,1,44.8616,-92.9382,30
2641,1,43.0313,-88.2443,50
2645,1,32.416,-96.9714,40
2653,1,44.9245,-92.9296,10
2657,1,45.1164,-93.1999,30
2658,2,32.8705,-97.3237,20
2660,1,44.6048,-88.0938,30
2668,1,32.7869,-97.0361,30
2671,1,32.8025,-97.4427,10
2673,1,33.1455,-96.6884,30
2675,1,44.6031,-87.7031,40
2676,1,43.0531,-88.1383,10
2680,1,33.0184,-97.0552,30
2683,1,32.9844,-97.0088,20
2690,1,32.5495,-97.1125,20
2691,1,32.9723,-96.6573,20
2692,1,32.058,-96.5289,50
2701,1,32.976,-97.3866,30
2702,1,44.968,-87.2355,30
2704,1,33.0046,-96.9572,30
2709,1,32.9052,-97.2608,10
2710,1,43.2296,-88.1096,20
2711,1,43.5532,-89.5276,50
2712,1,32.2679,-97.1788,50
2713,1,32.8115,-96.7903,20
2716,1,32.7608,-97.8244,50
2719,1,44.9485,-93.5027,30
2722,1,32.786,-96.7863,30
2723,1,32.7446,-97.5093,20
2724,1,44.9936,-93.658,30
2726,1,32.9572,-96.587,10
2728,1,44.7203,-93.382,20
2731,1,44.9338,-93.1174,20
2739,1,32.5342,-96.6811,40
2742,1,32.5659,-97.4015,30
2745,1,32.5876,-96.8937,30
2746,1,44.7306,-94.3518,50
2749,1,33.2422,-96.6519,20
2752,1,32.9908,-96.9722,20
2754,1,45.0275,-93.2152,30
2755,1,33.1788,-96.9037,10
2758,1,43.0603,-88.4062,30
2759,2,44.6517,-93.2247,30
2768,1,44.7601,-93.3761,10
2769,1,42.7123,-88.219,30
2770,1,32.768,-96.6514,20
2773,1,32.4932,-96.9653,20
2779,1,43.0983,-88.0811,10
2783,1,32.8745,-97.4216,20
2784,1,32.9369,-97.3681,20
2785,1,44.7362,-93.3335,30
2794,2,32.825,-97.4332,20
2795,2,45.1424,-93.2383,30
2796,1,42.91,-88.1711,30
2802,2,45.0022,-93.0066,30
2809,2,32.5951,-96.6746,30
2812,2,33.1865,-96.9576,40
2813,1,44.951,-92.9105,40
2814,1,42.9183,-88.1778,30
2815,1,32.6504,-97.4257,20
2819,1,42.9129,-87.8771,30
2820,1,45.1418,-93.2771,30
2821,1,45.1743,-93.2852,30
2822,1,44.957,-93.4333,30
2825,1,33.201,-96.7213,10
2827,1,44.7292,-93.2038,50
2829,1,32.4606,-97.7077,40
2831,1,33.0576,-97.6513,40
2833,1,32.3822,-97.9285,40
2834,1,32.8558,-97.2915,20
2836,1,45.0842,-93.5068,20
2837,2,44.6391,-92.9419,30
2838,1,32.7934,-96.4848,30
2840,1,44.7915,-93.2384,30
2843,1,32.3665,-96.1008,50
2844,1,42.998,-88.0321,20
2846,1,32.6517,-97.1317,20
2847,1,32.7416,-97.5655,30
2850,1,33.2335,-96.6462,20
2852,2,44.8068,-93.3365,20
2857,1,33.2416,-96.9647,40
2861,1,33.2633,-96.8312,10
2863,1,45.0771,-94.3052,40
2864,2,32.6714,-97.2674,40
2867,1,44.8371,-87.3655,50
2870,2,32.7328,-97.0589,20
2873,1,32.8811,-96.6124,20
2883,1,32.9537,-96.6746,10
2886,2,32.7517,-96.6431,30
2895,1,32.7565,-97.3563,20
2897,1,43.0154,-87.9286,30
2898,1,32.8064,-97.0837,30
2902,1,42.9036,-87.8973,30
2903,1,42.9083,-88.2554,20
2914,1,44.7182,-93.216,10
2917,2,44.6583,-93.1243,30
2920,1,42.9711,-89.5382,20
2924,2,32.7031,-96.8029,40
2925,1,32.601,-97.1727,20
2926,1,32.8701,-97.2932,10
2929,1,45.7765,-91.8978,30
2931,1,44.9492,-93.3169,20
2932,1,33.1896,-96.515,30
2936,1,32.4865,-97.7584,40
2938,1,32.4129,-97.7978,50
2939,1,32.8636,-97.0143,20
2940,1,33.2046,-97.0606,30
2942,1,45.1881,-93.3942,30
2943,2,45.0345,-93.9451,30
2944,1,43.1635,-88.2061,20
2946,2,32.9134,-97.1022,30
2950,1,45.2581,-93.2462,20
2953,2,45.0376,-93.2303,30
2954,2,43.0287,-87.9135,50
2960,1,43.097,-88.1432,20
2965,1,32.8685,-97.1095,20
2968,1,33.1778,-96.8484,20
2969,1,45.2348,-93.3079,10
2975,1,26.2666,-98.2538,30
2979,1,33.1891,-96.7991,10
2980,1,32.7653,-97.0917,20
2984,1,43.1322,-88.5034,10
2985,2,32.5286,-96.7609,30
2987,1,44.7009,-93.2063,10
2993,1,44.9688,-93.3436,20
2995,1,45.1417,-93.4598,20
2996,1,43.0394,-89.5579,50
2997,1,43.3086,-88.0531,30
2999,1,42.6531,-88.3997,30
3000,1,43.0045,-89.3387,30
3001,2,35.5844,-78.5546,30
3002,1,32.6224,-97.3519,20
3004,1,33.2923,-96.6205,40
3005,1,42.6478,-87.9725,30
3006,1,33.056,-96.8515,20
3011,2,45.0845,-93.1448,50
3018,1,42.9771,-87.9847,30
3021,1,44.7523,-93.3603,20
3035,1,33.4345,-96.7061,40
3039,1,32.5208,-96.7702,30
3041,1,32.6561,-97.33,20
3044,1,45.1253,-93.4186,30
3049,1,44.9644,-93.2453,30
3050,1,33.0646,-96.5543,20
3054,2,44.8837,-94.0436,50
3055,2,32.7822,-96.6055,30
3056,2,44.7182,-93.2214,30
3060,1,32.5842,-97.1108,30
3063,1,44.9994,-93.157,20
3067,1,32.842,-97.5651,30
3068,1,32.977,-96.2963,20
3069,1,32.6199,-97.1721,20
3070,1,43.072,-88.4503,10
3081,1,45.1462,-93.4064,20
3082,1,32.9873,-96.6309,30
3083,1,32.8772,-96.9654,30
3090,1,32.6315,-97.5019,30
3091,2,33.2295,-96.6511,30
3096,1,32.8399,-96.7598,10
3098,1,33.0632,-96.9094,30
3099,1,42.9131,-89.191,20
3101,2,42.5298,-88.1371,30
3102,1,44.9628,-93.0824,20
3103,1,44.6527,-93.6235,20
3105,2,45.0021,-93.2483,10
3109,1,45.2907,-93.5224,20
3111,1,32.5861,-97.0631,40
3113,2,32.6949,-97.0849,30
3117,1,43.1863,-88.7582,50
3121,2,44.484,-93.4216,40
3122,1,44.7003,-93.4147,20
3124,2,32.7397,-96.2715,40
3126,1,44.6704,-88.1146,30
3127,1,45.0166,-93.4016,20
3131,2,32.6866,-96.5829,30
3134,1,42.7414,-88.4458,40
3137,1,42.9736,-88.2761,30
3138,1,33.3751,-97.1384,40
3140,1,32.3821,-96.5368,30
3141,1,32.6569,-96.8223,10
3145,1,44.9013,-93.4404,20
3151,1,33.0931,-96.9092,20
3156,1,32.958,-96.4623,20
3162,1,43.0282,-89.5215,20
3165,1,42.9613,-87.8834,30
3166,1,33.1315,-96.724,30
3174,1,44.9826,-93.2651,20
3180,1,42.9029,-87.9712,10
3183,2,32.8129,-97.3435,40
3185,1,45.2696,-92.9607,30
3189,1,43.0419,-89.0811,40
3194,1,43.9709,-92.4718,30
3198,1,43.1165,-89.3281,30
3199,1,43.1714,-89.2731,20
3202,2,44.5419,-94.3695,50
3207,2,44.8429,-93.3317,20
3210,1,44.9652,-93.2852,50
3213,2,33.0108,-97.2632,20
3214,1,32.7501,-96.5902,30
3215,1,43.1433,-88.8996,20
3216,1,32.5617,-97.0594,30
3218,1,32.6014,-96.7537,20
3220,2,45.0655,-93.0039,20
3224,2,44.7985,-93.3414,30
3230,1,43.1234,-88.0043,30
3237,1,44.632,-93.1474,30
3240,1,43.0551,-89.0298,30
3247,2,45.0206,-93.3812,30
3252,1,43.1346,-88.0153,30
3256,1,32.8971,-97.2308,10
3264,2,44.9738,-93.0263,30
3266,1,33.1535,-97.1035,30
3270,1,32.8716,-97.2064,50
3272,1,32.7449,-97.8072,50
3274,1,32.9918,-97.0656,20
3276,2,32.7272,-97.3169,10
3279,1,32.7449,-97.8072,30
3283,1,45.0063,-93.4046,30
3284,1,33.3461,-97.1745,30
3287,2,32.7056,-97.3462,20
3289,2,42.9687,-88.0173,20
3290,1,33.2974,-96.9846,20
3291,1,45.2503,-94.147,40
3294,2,32.8404,-97.2098,30
3295,1,32.856,-97.204,30
3297,1,32.5792,-97.1375,20
3311,1,45.1352,-93.4675,10
3319,1,32.6996,-97.4241,20
3320,1,44.8466,-93.2903,10
3326,2,44.7058,-92.8381,40
3327,2,32.6312,-97.4103,50
3329,2,32.3654,-97.3757,30
3332,1,32.7156,-97.3622,20
3334,1,32.9237,-96.5274,30
3336,1,32.8537,-97.3018,30
3338,1,32.7809,-96.7881,20
3339,1,44.8107,-93.3697,30
3343,1,32.9492,-96.8435,30
3345,1,32.879,-96.7546,30
3348,1,32.7059,-97.0887,10
3352,1,45.0086,-93.122,30
3355,1,33.1057,-96.698,20
3356,1,33.0018,-97.1915,20
3358,1,45.22,-93.6083,30
3361,1,44.8477,-92.9302,30
3364,1,42.84,-87.9111,30
3366,1,32.8412,-97.2246,20
3369,1,45.1933,-93.0953,20
3372,1,44.6403,-93.2494,10
3373,1,32.7185,-96.5345,20
3374,1,32.9014,-97.3643,20
3378,1,45.032,-93.2099,20
3383,1,32.587,-96.9345,30
3385,1,32.6408,-97.4076,30
3390,1,32.8459,-97.0752,30
3391,1,45.1691,-93.2918,10
3395,1,32.5843,-97.29,10
3397,2,32.5874,-97.2992,30
3399,1,42.7951,-88.2088,40
3405,1,43.5525,-89.2902,40
3406,1,32.9759,-96.296,30
3410,1,42.9663,-88.3754,30
3414,1,32.5614,-97.2963,10
3421,2,32.9274,-96.4589,20
3424,1,33.0068,-96.8974,20
3425,2,32.5986,-97.171,30
3428,1,32.995,-97.1881,30
3436,2,33.24,-96.243,30
3438,2,32.8978,-97.3046,10
3439,1,44.6643,-93.1715,20
3441,1,33.0063,-96.6111,20
3445,1,NULL,NULL,10
3451,2,32.8977,-96.5701,20
3456,2,32.2972,-97.1309,30
3473,1,32.9367,-96.3692,20
3474,1,33.2048,-96.9863,10
3483,1,32.7431,-96.5475,30
3491,1,43.1967,-88.0863,30
3503,1,32.7822,-96.642,30
3515,2,32.9068,-96.7186,20
3522,1,33.3326,-96.7613,30
3528,2,32.4623,-96.8167,40
3534,1,32.8032,-97.4499,40
3535,1,32.9366,-97.2256,20
3541,1,42.6696,-87.9437,40
3549,1,45.1436,-93.0297,30
3551,2,32.8022,-97.4466,30
3552,2,33.0075,-96.8428,30
3554,1,32.9915,-97.3867,30
3555,1,33.2246,-96.9101,20
3560,1,44.7842,-92.8896,20
3562,1,32.8876,-96.7112,20
3563,2,42.9079,-88.8417,50
3575,1,45.1988,-93.2263,20
3576,1,32.7338,-97.5781,20
3578,1,33.0562,-96.5522,30
3579,1,32.6615,-97.0679,20
3581,1,32.8747,-97.4273,30
3583,1,32.9491,-96.6539,20
3586,1,32.9464,-96.4791,20
3588,2,44.9397,-93.242,30
3590,1,32.8108,-97.2767,20
3595,2,44.9786,-93.0505,40
3596,2,32.7513,-96.6776,20
3598,2,33.1073,-95.616,50
3601,2,32.8959,-96.8729,20
3605,2,32.6331,-97.1521,30
3614,1,45.4503,-93.6221,50
3615,2,32.6774,-97.3675,10
3618,1,43.1417,-88.1651,30
3621,1,43.0122,-88.2276,30
3622,1,32.9158,-97.3024,30
3630,1,32.8262,-97.8541,40
3632,2,33.1727,-96.4948,20
3633,2,44.7489,-93.4513,20
3640,1,32.893,-97.3092,30
3651,1,45.1109,-95.0583,50
3653,1,33.1161,-97.2389,30
3659,1,43.9923,-92.4699,50
3662,2,32.8479,-97.2383,30
3663,2,33.0132,-96.987,40
3666,1,45.3387,-93.3456,30
3670,1,43.1051,-87.9,30
3671,1,32.868,-97.4231,30
3679,1,33.1462,-96.7318,30
3682,1,43.1042,-88.1261,30
3684,1,32.6108,-97.3809,40
3688,1,45.4524,-92.9241,30
3690,1,32.5452,-97.2613,30
3691,1,44.7523,-92.7971,20
3698,1,32.7715,-97.792,50
3707,2,33.1449,-97.1192,30
3708,1,32.7432,-97.6454,40
3714,2,32.6486,-97.0268,20
3715,1,42.7206,-88.1547,30
3718,2,44.834,-92.9536,20
3719,1,44.7005,-93.2411,20
3723,2,33.0089,-96.8556,30
3726,1,42.9438,-89.3666,30
3731,1,44.7012,-93.2766,30
3732,1,32.702,-97.4163,50
3736,1,32.9021,-96.9142,20
3737,2,33.1254,-96.8176,20
3738,1,44.8499,-92.9183,20
3740,1,33.2698,-96.7619,10
3742,2,42.8942,-88.1356,30
3743,1,43.1879,-88.7515,50
3759,1,45.0305,-93.9052,20
3763,2,44.6312,-93.1507,30
3764,1,32.5191,-97.3212,30
3765,1,32.9336,-97.1429,30
3766,1,44.7523,-93.3921,10
3769,1,32.8614,-96.6278,10
3770,2,33.058,-96.3177,30
3776,1,42.9529,-88.022,20
3781,1,32.5312,-97.3502,20
3783,2,45.2913,-93.7415,40
3785,1,32.9503,-96.6082,20
3788,1,44.9175,-93.4306,30
3789,1,33.1801,-96.498,20
3790,1,44.7035,-93.2769,10
3792,1,44.6504,-93.271,10
3793,2,32.6662,-97.1722,50
3799,1,42.6531,-88.3541,30
3802,2,32.6774,-97.1521,20
3804,1,32.5008,-97.8045,30
3805,1,32.6014,-96.7643,30
3808,1,44.6912,-93.1945,20
3812,1,43.0655,-89.3265,50
3814,1,32.5716,-97.3334,10
3817,1,32.9514,-96.5274,20
3819,1,32.6007,-97.0532,30
3820,1,42.8886,-88.0384,30
3829,2,33.1177,-96.6541,20
3836,1,43.2024,-89.4743,30
3837,2,43.0513,-87.9555,40
3842,1,45.2355,-93.5509,30
3847,1,33.1649,-97.1067,50
3858,1,45.0083,-92.9632,20
3862,1,45.3356,-93.7365,40
3863,1,44.9757,-93.164,20
3870,1,32.7352,-97.5065,20
3873,1,32.8513,-97.0777,10
3875,1,32.847,-96.3646,20
3876,1,44.9595,-93.1713,30
3878,2,43.0061,-88.0006,10
3879,1,43.1353,-89.286,40
3884,1,32.8664,-96.707,30
3886,1,42.9902,-87.9901,30
3888,1,32.8275,-96.7091,30
3890,1,43.1664,-87.976,10
3893,1,42.8828,-88.2042,30
3894,1,33.2034,-96.6519,10
3895,1,32.8683,-97.2541,20
3900,1,32.7958,-96.8077,20
3902,1,44.6958,-93.2435,50
3905,1,42.152,-88.0282,30
3906,1,32.9255,-97.3085,40
3907,1,33.2875,-96.9845,30
3908,2,32.4785,-97.3847,20
3911,1,45.0525,-93.455,20
3912,1,43.2902,-89.7488,30
3914,1,42.8321,-88.2104,40
3915,1,44.8273,-93.0232,10
3916,1,43.1062,-87.9115,20
3917,1,32.6385,-97.1455,30
3923,1,42.7693,-88.2174,30
3925,2,33.197,-96.6851,20
3928,2,43.2067,-88.727,30
3929,1,42.5451,-87.8159,30
3932,1,44.7953,-93.176,30
3936,1,42.7779,-88.2357,30
3939,1,45.0758,-93.4725,20
3947,1,44.8839,-93.3146,10
3950,1,44.8316,-93.8113,20
3962,1,43.1513,-87.9071,30
3963,1,32.9188,-96.7722,10
3964,1,43.222,-89.3881,20
3968,1,42.8293,-88.2064,30
3979,1,32.8194,-96.9276,10
3982,1,42.998,-88.0461,20
3989,1,42.561,-87.837,20
3999,1,42.745,-87.9026,30
4002,2,43.0122,-87.919,20
4003,1,45.5556,-94.0461,50
4006,2,32.9934,-96.988,30
4010,2,43.0526,-87.9558,20
4014,1,45.3908,-93.3368,30
4015,1,44.7876,-93.5107,10
4033,1,45.048,-93.0239,10
4034,1,32.7287,-96.6537,20
4035,1,32.966,-96.9707,30
4037,2,32.8467,-97.2585,20
4043,1,43.0382,-89.4501,50
4051,2,33.1604,-97.1056,30
4052,1,45.4978,-93.2522,40
4054,1,42.716,-87.8338,20
4056,1,32.9296,-97.2966,20
4074,2,32.7844,-97.2716,20
4075,2,45.2877,-93.7636,50
4077,1,33.151,-96.8495,30
4079,1,44.8714,-92.997,30
4082,1,43.0864,-88.0216,40
4083,1,32.8854,-97.3529,30
4086,2,44.9874,-93.2712,30
4087,2,32.6998,-96.8959,20
4089,1,32.3783,-97.2554,40
4091,1,45.2587,-94.089,20
4092,2,33.0128,-96.223,50
4093,2,32.7659,-97.298,20
4096,1,42.9807,-87.9365,40
4097,1,45.149,-93.38,20
4102,1,45.0363,-93.0294,20
4117,1,32.4709,-97.4154,20
4123,1,45.2125,-93.3156,20
4125,1,32.9697,-97.265,20
4132,1,32.87,-96.7554,20
4141,1,45.3198,-93.7381,30
4142,1,32.8005,-97.3816,20
4146,2,32.5768,-97.0795,30
4148,1,33.0116,-96.5297,40
4151,1,32.8318,-96.7064,30
4152,1,44.7616,-93.2806,20
4158,2,44.8977,-93.5662,30
4159,1,42.617,-87.8554,30
4160,1,33.2038,-96.9667,30
4162,2,44.151,-93.9648,30
4163,1,43.2514,-89.234,20
4167,1,32.9153,-97.2715,10
4168,1,43.3811,-87.952,30
4172,1,44.2375,-88.401,50
4180,1,44.8832,-93.8128,50
4187,1,44.9366,-93.6661,30
4188,1,43.0086,-88.5474,20
4189,2,32.7482,-96.8772,50
4194,1,32.4448,-97.088,30
4198,1,32.7718,-96.4426,30
4204,1,45.2,-93.8665,30
4208,1,33.2402,-97.1245,20
4215,1,32.8914,-97.1031,30
4226,2,44.8308,-92.9205,20
4229,1,42.8711,-88.0622,10
4234,1,43.049,-87.9741,10
4237,1,44.7814,-93.917,20
4241,1,33.1146,-97.1007,30
4242,1,32.9544,-97.0965,50
4247,1,43.1714,-89.2731,40
4248,2,32.9184,-96.6053,30
4255,1,42.8809,-87.9037,20
4256,1,33.036,-96.7604,40
4259,1,43.4033,-87.8678,30
4265,2,32.5529,-97.3561,20
4275,1,29.9407,-95.2025,30
4291,1,44.9067,-93.3032,30
4300,2,33.0033,-97.4398,20
4312,1,32.4874,-97.3183,30
4313,1,42.8302,-88.3696,20
4317,1,33.2402,-96.8604,30
4321,1,42.7153,-87.83,50
4329,1,45.1006,-93.8667,30
4337,1,32.818,-97.1588,20
4345,1,45.1116,-93.33,20
4349,2,32.7984,-97.0567,20
4357,1,44.593,-93.4373,40
4358,1,32.6335,-97.1444,40
4398,2,32.7464,-97.2589,40
4401,1,42.6903,-88.9945,40
4407,2,45.1041,-93.2481,50
4408,2,32.7441,-97.233,50
4416,2,29.8672,-95.7319,30
4422,1,43.0733,-87.993,20
4424,2,44.5731,-94.6751,50
4425,1,44.917,-93.4839,30
4427,2,30.0604,-95.1246,30
4428,1,32.82,-96.8235,20
4429,1,32.7686,-96.3255,30
4439,2,29.8855,-95.7042,10
4442,2,32.8823,-97.5428,30
4448,2,45.5642,-94.1698,40
4452,1,42.9225,-89.3957,20
4464,2,32.7864,-96.4813,30
4467,1,44.7111,-93.2314,20
4471,1,32.6763,-97.4839,30
4473,1,32.5038,-96.9293,30
4482,1,42.9955,-89.5615,50
4483,2,32.8686,-96.6562,10
4484,1,45.0814,-93.7448,50
4487,1,44.8044,-93.5962,20
4489,2,30.0069,-95.4238,30
4494,1,32.916,-97.2916,20
4496,1,32.6674,-97.3809,30
4510,2,43.0834,-88.0078,20
4511,1,30.0965,-95.5679,30
4515,2,29.7698,-95.7696,10
4516,1,32.9191,-96.5832,30
4521,2,32.7668,-96.7894,20
4530,2,32.9215,-97.517,40
4531,1,45.2139,-93.869,30
4535,1,42.7328,-89.0275,50
4540,2,29.5001,-95.7741,30
4545,2,32.675,-96.5903,30
4546,1,29.7409,-95.3694,20
4569,1,29.6934,-95.8319,20
4570,2,33.3093,-97.1939,30
4573,1,32.8595,-97.2076,30
4577,1,32.7413,-96.8066,10
4591,1,29.6916,-95.3944,20
4595,1,32.5225,-97.2995,20
4601,1,32.7779,-97.7952,30
4603,1,44.1724,-93.9737,30
4614,1,42.6954,-87.8473,30
4615,2,32.9934,-96.988,40
4616,2,32.7249,-97.1514,20
4618,1,44.825,-93.3994,30
4620,2,29.9518,-95.2964,30
4621,2,29.8946,-95.3891,30
4623,1,45.0474,-93.0209,30
4626,2,45.4269,-93.0784,40
4629,2,32.9773,-96.5895,30
4633,1,44.7515,-93.0765,20
4646,2,33.138,-97.1896,30
4656,2,42.9845,-88.0379,30
4659,1,43.4789,-89.741,30
4664,1,33.0562,-96.5522,30
4667,2,29.5414,-95.5144,20
4668,2,32.6477,-97.3841,30
4671,1,44.7468,-93.2016,20
4672,2,32.3476,-97.3867,50
4677,1,32.8761,-97.4402,20
4680,1,32.3114,-97.0149,40
4681,1,33.2222,-96.911,30
4687,2,30.1187,-95.4442,30
4698,1,43.011,-88.2397,30
4699,1,45.0396,-93.1453,30
4703,1,43.0024,-87.9854,10
4705,1,29.773,-95.8968,30
4709,1,32.603,-97.1324,20
4713,1,32.9027,-96.527,20
4722,1,32.6099,-97.9299,30
4727,2,43.0253,-88.2454,20
4730,1,42.8996,-89.3491,30
4739,2,45.6547,-94.2376,30
4740,2,32.6026,-97.301,20
4749,1,33.0056,-97.2617,20
4752,2,29.69,-95.8018,10
4755,2,32.5979,-97.2862,20
4758,1,43.0146,-87.959,20
4768,1,44.9664,-89.6461,30
4774,2,45.0833,-93.3571,30
4776,1,45.0092,-93.2426,30
4777,1,42.6819,-87.8482,20
4778,1,33.0215,-97.2638,20
4791,1,32.5972,-97.1032,10
4796,2,32.529,-97.2219,20
4797,2,44.2696,-93.2693,50
4799,2,29.6748,-95.6729,30
4812,2,44.8392,-93.0257,10
4815,2,32.6613,-97.0408,30
4819,1,32.2488,-97.7425,50
4829,2,33.0465,-96.8844,30
4837,1,33.2344,-96.7778,20
4838,1,43.1416,-88.2266,30
4842,2,33.1976,-96.5301,40
4845,1,33.0111,-97.2395,20
4847,2,32.8123,-97.2831,30
4850,1,29.9283,-95.7226,40
4854,2,29.7304,-95.617,20
4855,1,43.0764,-87.9828,30
4860,1,45.0358,-93.2501,30
4861,2,45.0338,-93.3031,20
4867,1,44.085,-92.5414,30
4870,1,44.9305,-93.3938,30
4876,1,42.8611,-88.3212,20
4878,2,33.2447,-97.1126,30
4885,2,42.9434,-87.9616,30
4886,1,42.75,-87.8447,30
4901,2,32.2891,-97.4607,50
4903,1,33.0385,-97.0626,30
4904,1,32.9217,-96.6586,20
4906,1,45.0241,-93.0339,20
4907,2,44.3988,-93.9445,40
4913,2,32.7299,-97.5002,50
4920,1,44.7287,-93.3649,30
4921,1,32.9925,-96.5945,30
4929,1,33.073,-97.4682,30
4952,1,33.3597,-96.5395,30
4954,1,32.8968,-97.4529,30
4955,1,42.5986,-88.4466,30
4961,1,43.2245,-87.9312,40
4978,2,45.5634,-94.1679,50
4979,2,33.1798,-97.5621,30
4982,1,33.0117,-96.9085,20
4983,1,32.8656,-96.6959,40
4984,1,42.5613,-87.8531,30
4986,1,45.2442,-93.0055,40
5009,1,45.1092,-92.9866,50
5010,1,45.1165,-93.1223,30
5011,2,43.2396,-87.9835,30
5014,2,43.1039,-88.0362,30
5016,2,32.7989,-96.745,10
5020,1,43.0468,-88.1131,10
5027,1,42.8689,-88.3369,20
5028,1,44.6472,-93.3958,30
5032,1,45.0372,-93.2247,30
5036,2,33.0566,-96.7756,20
5038,2,32.5294,-97.3297,10
5041,1,33.0218,-97.3335,50
5042,1,32.9407,-97.3099,30
5045,1,33.0564,-96.2042,30
5049,1,42.6048,-89.3878,30
5052,2,45.2414,-93.5107,40
5054,1,29.8062,-94.8922,30
5058,2,32.7448,-96.3977,40
5061,1,32.635,-96.8155,50
5062,1,44.8974,-93.3198,30
5065,1,33.1398,-96.7184,30
5066,1,43.4651,-88.793,30
5070,2,32.9695,-97.2577,20
5076,1,32.8788,-96.5223,40
5099,2,33.2739,-97.2347,40
5100,1,29.7896,-95.5768,30
5104,1,30.1331,-95.299,30
5112,1,33.2551,-96.8887,10
5126,1,32.7307,-97.4228,30
5129,1,32.4493,-96.9913,20
5135,1,32.7952,-96.8162,10
5139,1,42.986,-88.0171,20
5145,1,30.1021,-95.2037,30
5156,1,32.8052,-97.0943,30
5159,2,43.7442,-87.9758,30
5160,1,45.009,-92.8744,10
5164,2,42.9805,-87.9937,20
5165,2,45.0881,-93.2128,30
5171,2,32.7484,-97.3386,40
5174,1,43.1466,-87.9597,30
5181,1,44.8027,-93.3385,10
5195,2,29.773,-98.0749,30
5196,1,42.7545,-87.9897,30
5199,1,45.5795,-93.257,30
5208,2,45.0997,-92.9839,20
5211,1,42.6496,-89.8574,30
5212,1,32.4315,-96.8256,30
5217,1,33.235,-96.9027,30
5235,1,32.7015,-97.1614,20
5238,1,29.7902,-95.5387,30
5240,1,29.5347,-95.2605,20
5244,2,44.6201,-93.2864,10
5246,1,32.7226,-96.6093,30
5261,2,44.8342,-92.9072,30
5262,1,42.8393,-87.8652,10
5264,1,43.2881,-88.6555,30
5265,2,32.6683,-96.8177,20
5266,2,45.0428,-93.4221,30
5274,1,43.0575,-87.9075,30
5277,1,32.3647,-96.89,50
5280,2,42.5272,-88.2986,30
5283,1,45.0233,-93.3445,20
5284,2,45.1505,-93.2531,10
5288,2,44.9454,-93.008,20
5293,1,44.8281,-92.9065,10
5298,1,29.8958,-95.4526,10
5299,2,32.7556,-97.1731,20
5300,1,44.9223,-93.3199,30
5309,1,33.3503,-96.5651,30
5324,1,30.11,-95.5562,30
5325,1,29.9436,-95.6831,40
5326,1,30.1859,-95.4946,30
5332,1,33.1022,-96.2295,30
5336,1,42.6676,-89.2081,40
5344,1,43.3967,-88.4621,30
5348,1,33.1146,-96.6486,20
5355,1,32.6018,-96.8488,20
5360,2,42.7083,-87.8989,30
5362,1,32.9058,-97.3306,30
5372,1,33.582,-96.186,50
5375,2,32.8656,-97.307,30
5377,2,32.9885,-96.8451,30
5380,1,43.1123,-88.4903,50
5387,1,32.8718,-96.4325,30
5391,1,44.9959,-92.8842,20
5392,1,43.0168,-88.4932,30
5395,1,32.9112,-96.9186,30
5399,1,44.0772,-92.5576,30
5404,2,45.1032,-93.3339,40
5406,1,33.0521,-96.7011,20
5408,1,33.1272,-96.7054,30
5409,1,44.3254,-88.339,30
5415,1,33.2141,-97.6514,40
5422,1,43.059,-88.4362,30
5427,1,33.0122,-97.0292,30
5429,1,32.9918,-97.0656,10
5431,1,33.0181,-97.0533,50
5433,2,45.2746,-92.9888,30
5434,1,44.8199,-93.3588,20
5436,1,44.6238,-93.7601,40
5437,2,29.5839,-95.5554,30
5468,1,32.9601,-96.8187,20
5469,1,32.885,-97.5625,30
5479,1,33.2398,-97.3689,30
5480,1,43.0017,-88.2397,30
5482,1,33.0438,-96.5642,20
5488,1,45.05,-93.3491,50
5492,1,44.2772,-88.5303,50
5502,1,33.0163,-96.9396,30
5512,1,33.0924,-96.8649,20
5518,1,32.8441,-97.3781,10
5520,1,32.8928,-97.464,20
5542,2,45.0523,-93.3585,30
5544,2,42.5766,-87.9234,50
5557,1,45.286,-93.4183,30
5559,2,32.3497,-96.783,50
5562,1,43.3329,-88.2563,30
5564,1,44.4375,-93.1769,40
5581,1,44.9593,-92.9737,20
5629,1,32.9432,-96.4759,20